"Path","Hash"
"C:\Users\alexg\Stewardence-Migration\design-reference\static\.gitkeep","01BA4719C80B6FE911B091A7C05124B64EEECE964E09C058EF8F9805DACA546B"
"C:\Users\alexg\Stewardence-Migration\design-reference\static\agentledger.css","A5C70074BE4AF5EE467E62CC36F19EB6D6C638171AE1DC79E1D7B0E76EEE49C8"
"C:\Users\alexg\Stewardence-Migration\design-reference\static\brand\stewardence-app-icon-dark.png","5CBEE80B9406646E498198A815EE050EAD4235547CF100C441CBEB0BC3D3B4BA"
"C:\Users\alexg\Stewardence-Migration\design-reference\static\brand\stewardence-helix-orbit-dark.png","E022F6DF5C644D803BEC3C32D4905E2E1A3D42213FDE615CF317E32A64665AFC"
"C:\Users\alexg\Stewardence-Migration\design-reference\static\brand\stewardence-helix-orbit-light.png","E28A1F66864E0631C5CC5AC4C395240B72C73BFC634FA98D839B80839F49928D"
"C:\Users\alexg\Stewardence-Migration\design-reference\templates\.gitkeep","01BA4719C80B6FE911B091A7C05124B64EEECE964E09C058EF8F9805DACA546B"
"C:\Users\alexg\Stewardence-Migration\design-reference\templates\403.html","F9299DF82A36C4F72938B65ADCF238F10FEE289A880F253BDA2D1096028F3068"
"C:\Users\alexg\Stewardence-Migration\design-reference\templates\base.html","B0A1D77717A264DDAF6062C69728B90821D3CC680F199A99A41A01CDC09E8745"
"C:\Users\alexg\Stewardence-Migration\design-reference\templates\home.html","3038733451E957A791BAE556419DE3C64605E432492EDC3919B94B1935EC6C2E"
"C:\Users\alexg\Stewardence-Migration\design-reference\templates\assessments\detail.html","E930D8C3B391194517F970D92F75409A97511B13B2950F512193E827D47A77C6"
"C:\Users\alexg\Stewardence-Migration\design-reference\templates\billing\account.html","B25125F2FCDF310107ABFE1FBC8A997AC65B6716137451544355193FA3629474"
"C:\Users\alexg\Stewardence-Migration\design-reference\templates\billing\portfolio.html","95174D257738B63633FA92B0AA291709740E157985AC516F63B4DF59F19276DA"
"C:\Users\alexg\Stewardence-Migration\design-reference\templates\billing\success.html","D64A6C9B52D220FCEBD1A5F4B608441CDF1CE9615A1A843910DB7CDBA3BEC488"
"C:\Users\alexg\Stewardence-Migration\design-reference\templates\downloads\_content.html","A320DCC1B96877804BADECE7049B63350E95DBF979A3799A5046CB9086000596"
"C:\Users\alexg\Stewardence-Migration\design-reference\templates\downloads\detail.html","22D41F25DB72EC54535364979C2812A72E15386D9354452F787920D56A1FDD64"
"C:\Users\alexg\Stewardence-Migration\design-reference\templates\imports\final.html","DF2EC9D508724678247284CF48D7C8362C48A6C08E84785642AB6C6ABCC35D59"
"C:\Users\alexg\Stewardence-Migration\design-reference\templates\imports\review.html","16BF70C1AD7B00AE87CCA36DC71F9CCC1E400A383B77F9A7D809C6D6C2C406DA"
"C:\Users\alexg\Stewardence-Migration\design-reference\templates\imports\upload.html","FD7131AE26D1C56E7A7E85FDBB20B78AF4990644F1E74883ACBC138CCAA7B61A"
"C:\Users\alexg\Stewardence-Migration\design-reference\templates\integrations\quickbooks.html","8786DA43868333BB11483A59501DDB37CC13528323AC2D24F0A91C5FC4A95041"
"C:\Users\alexg\Stewardence-Migration\design-reference\templates\inventory\detail.html","59168F093EEBC4A254ED05B072AC1894934E9E73676CFBFCF90BF10902AC30C6"
"C:\Users\alexg\Stewardence-Migration\design-reference\templates\inventory\discovery.html","D58643EBB5590BAF2B27891A7E30D38D6EBC46C8809C065199E3652BAC8BC7AC"
"C:\Users\alexg\Stewardence-Migration\design-reference\templates\inventory\form.html","267E4E488C7F8DC5AC6FA7273D6AC3EBA6E7FBECDD1779E774D8EFF602298EB2"
"C:\Users\alexg\Stewardence-Migration\design-reference\templates\inventory\list.html","EA104E0CF61291099F5C035BBA3708DD2B73438DA3886EE643A7DECA86590BA4"
"C:\Users\alexg\Stewardence-Migration\design-reference\templates\inventory\roi.html","88350726DE8D0C2662AB6BF87CC7C9038553FAE52C591F17F2185546B6BECEA6"
"C:\Users\alexg\Stewardence-Migration\design-reference\templates\organizations\select_workspace.html","E507FB4312A2002B973F89F65897D4557AF2E8ED6EED2652C049E439F4637C8E"
"C:\Users\alexg\Stewardence-Migration\design-reference\templates\organizations\setup.html","F649E652658294C56B540149EA8B812F94B844DBF8C434B558FBF43359D8DCFB"
"C:\Users\alexg\Stewardence-Migration\design-reference\templates\policies\detail.html","C4B9C1924C4505D11F3B738D82F84981544ED764F2C7B2C3F6CAF7580233C4ED"
"C:\Users\alexg\Stewardence-Migration\design-reference\templates\policies\form.html","A64D397834E3A3E461F09493CA15E4E7CE4C7A33F0ACD7AB6B16BA74AD4AB8ED"
"C:\Users\alexg\Stewardence-Migration\design-reference\templates\policies\list.html","A04C371D8ACE388FA0F69912D650AF3F200BBCBFFE509ECADB6791EF16C0A65E"
"C:\Users\alexg\Stewardence-Migration\design-reference\templates\registration\login.html","2978E6AF1DEE5991D9EEF9917BF0372F704C62791D0B22155C2C806DA6CB72D6"
"C:\Users\alexg\Stewardence-Migration\design-reference\templates\registration\signup.html","FD1DC1086749461B78BF4A5714D83222A691E6E932053655E0190F396070FD1F"
"C:\Users\alexg\Stewardence-Migration\design-reference\templates\reports\detail.html","EC328E6C563F76AC19B801D46B7570636152B7C22F3B44186A85C78BC2963530"
